work_order, service_code
348010, 'PFI10'
321918, 'SFS30'
343151, 'PFI10'
347337, 'PFI10'
341746, 'SFS30'
323855, 'SFS30'
356212, 'SFS30'
344170, 'PFI10'
326087, 'PFI10'
352060, 'PFI10'
342273, 'PFI10'
365814, 'PFI10'
344831, 'PFI10'
335776, 'PFI10'
357681, 'PFI10'
344825, 'PFI10'
333475, 'SFS30'
364505, 'PFI10'
368459, 'SFS30'
333449, 'PFI10'
344819, 'PFI10'
339602, 'SFS30'
365380, 'PFI11'
368868, 'PFI10'
342703, 'SFS30'
333844, 'PFI10'
330381, 'PFI10'
317058, 'SFS30'
337388, 'SFS30'
342717, 'SFS30'
343409, 'PFI10'
355280, 'PFI10'
327170, 'PFI10'
340855, 'PFI10'
335212, 'PFI10'
340841, 'SWM30'
358968, 'PFI10'
356945, 'PFI11'
320623, 'SFS30'
367568, 'SFS30'
335548, 'PFI10'
332541, 'PFI10'
331048, 'PFI10'
340869, 'SFS30'
326520, 'SFS30'
336733, 'SFS30'
327158, 'PFI10'
364854, 'PFI10'
347041, 'PFI10'
348372, 'PFI10'
326483, 'SFS30'
341418, 'PFI10'
334087, 'PFI10'
352316, 'PFI10'
353008, 'PFI10'
336684, 'PFI10'
359243, 'PFI10'
333071, 'PFI10'
366058, 'PFI11'
354954, 'SFS30'
335372, 'SFS30'
342844, 'PFI10'
348399, 'PFI10'
348164, 'SFS30'
353236, 'SFS30'
322395, 'SFS30'
349252, 'PFI10'
323706, 'SFS30'
339986, 'SFS30'
357939, 'PFI10'
339038, 'PFI10'
365035, 'SFS30'
325405, 'SFS30'
365021, 'SFS30'
340289, 'PFI10'
350924, 'PFI10'
316971, 'SFS30'
360617, 'SFS30'
344979, 'PFI10'
343970, 'PFI10'
321893, 'SFS30'
339010, 'SFS30'
322357, 'PFI10'
315289, 'PFI10'
344978, 'PFI10'
330021, 'PFI10'
321892, 'SFS30'
352854, 'SFS30'
339987, 'SFS30'
316964, 'SFS30'
331303, 'PFI10'
365034, 'PFI11'
343795, 'PFI10'
357938, 'PFI10'
346606, 'SFS30'
365961, 'PFI10'
343018, 'PFI10'
336487, 'SFS30'
350716, 'PFI10'
339978, 'PFI10'
352667, 'PFI10'
346612, 'PFI10'
350070, 'PFI10'
324901, 'SFS30'
315276, 'SFS30'
348165, 'SFS30'
340539, 'PFI10'
348603, 'PFI10'
320030, 'SFS30'
314395, 'PFI10'
334045, 'PFI10'
340934, 'PFI10'
328444, 'PFI10'
342845, 'PFI10'
333070, 'PFI10'
354955, 'SFS30'
340920, 'PFI10'
337570, 'SFS30'
353009, 'PFI10'
334092, 'PFI10'
341419, 'PFI10'
336691, 'PFI10'
329799, 'SFS30'
347040, 'SFS30'
345125, 'PFI10'
327159, 'PFI10'
367569, 'SFS30'
333886, 'PFI10'
343391, 'SFS30'
349870, 'PFI10'
354821, 'SFS30'
361642, 'PFI10'
358028, 'PFI10'
343408, 'PFI10'
337389, 'SFS30'
317059, 'SFS30'
332583, 'PFI10'
344415, 'PFI10'
330394, 'SFS30'
343352, 'PFI10'
348207, 'PFI10'
341545, 'SFS30'
367582, 'SFS30'
359478, 'PFI10'
347120, 'SFS30'
363519, 'SFS30'
355901, 'PFI10'
334455, 'PFI10'
368470, 'SFS30'
363525, 'SFS30'
333474, 'SFS30'
353380, 'PFI10'
331277, 'PFI10'
344830, 'PFI10'
335777, 'PFI10'
326086, 'PFI10'
342272, 'PFI10'
328915, 'PFI10'
359120, 'PFI10'
332781, 'PFI10'
314746, 'SFS30'
344171, 'PFI10'
344159, 'SWM30'
358570, 'SFS30'
341021, 'PFI10'
337809, 'PFI10'
354438, 'PFI10'
352049, 'PFI10'
347444, 'PFI10'
315314, 'PFI10'
357127, 'PFI10'
339198, 'PFI10'
314778, 'SWM30'
342270, 'PFI10'
342516, 'PFI10'
359650, 'PFI10'
326084, 'PFI10'
336297, 'SFS30'
321927, 'SFS30'
326090, 'PFI10'
342502, 'PFI10'
337823, 'SFS30'
337610, 'PFI10'
333476, 'SFS30'
368472, 'SFS30'
327371, 'PFI10'
335775, 'PFI10'
344832, 'PFI10'
331275, 'PFI10'
347888, 'PFI10'
352249, 'PFI10'
347122, 'SFS30'
348577, 'PFI10'
312645, 'SFS30'
330396, 'PFI10'
335588, 'SFS30'
356946, 'PFI10'
349866, 'PFI10'
335563, 'PFI10'
354823, 'SFS30'
335211, 'PFI10'
346599, 'PFI10'
363719, 'PFI10'
347877, 'PFI10'
366661, 'SFS30'
336730, 'SFS30'
339403, 'PFI10'
322745, 'SFS30'
322751, 'SFS30'
320620, 'PFI10'
339371, 'SWM30'
307466, 'SWM30'
338696, 'PFI10'
354758, 'PFI10'
345127, 'PFI10'
334090, 'PFI10'
354764, 'PFI10'
336687, 'PFI10'
336693, 'SFS30'
326480, 'SFS30'
334084, 'PFI10'
314432, 'PFI10'
359532, 'SFS30'
342847, 'PFI10'
328446, 'PFI10'
321304, 'SFS30'
333072, 'PFI10'
341631, 'PFI10'
340249, 'SFS30'
346638, 'PFI10'
349251, 'PFI10'
337943, 'SFS30'
350066, 'PFI10'
348629, 'PFI10'
319300, 'SFS30'
357709, 'PFI10'
350072, 'PFI10'
335198, 'SFS30'
334286, 'PFI10'
316999, 'SWM30'
309661, 'PFI10'
350714, 'PFI10'
323711, 'SFS30'
354599, 'PFI10'
333264, 'PFI10'
360628, 'PFI10'
321112, 'SFS30'
328888, 'PFI10'
355863, 'SFS30'
321890, 'SFS30'
321891, 'SFS30'
314194, 'SWM30'
324043, 'SFS30'
339012, 'SFS30'
353585, 'PFI10'
328889, 'PFI10'
360629, 'SFS30'
357085, 'SFS30'
354598, 'PFI10'
345495, 'PFI10'
344953, 'PFI10'
365023, 'SFS30'
336490, 'PFI10'
316740, 'SFS30'
316998, 'SWM30'
337942, 'SFS30'
349250, 'PFI10'
348628, 'PFI10'
348166, 'SFS30'
340248, 'SFS30'
314396, 'PFI10'
315088, 'SFS30'
324533, 'SFS30'
331894, 'PFI10'
314382, 'PFI10'
342846, 'PFI10'
347080, 'PFI10'
326481, 'SFS30'
336692, 'PFI10'
354017, 'PFI10'
316230, 'SWM30'
334091, 'PFI10'
353036, 'PFI10'
354759, 'PFI10'
338697, 'PFI10'
338708, 'PFI10'
360205, 'PFI10'
348589, 'PFI10'
347876, 'PFI10'
363718, 'PFI10'
336731, 'SFS30'
354822, 'SFS30'
331704, 'SFS30'
349867, 'PFI10'
338720, 'PFI10'
331062, 'PFI10'
324309, 'PFI10'
344416, 'PFI10'
330397, 'PFI10'
335589, 'SFS30'
365382, 'PFI11'
356748, 'PFI10'
357456, 'SFS30'
347889, 'PFI10'
334867, 'PFI10'
359686, 'PFI10'
314786, 'SWM30'
334442, 'PFI10'
335774, 'PFI10'
368467, 'SFS30'
344833, 'PFI10'
332769, 'PFI10'
367026, 'PFI10'
347490, 'PFI10'
337822, 'SFS30'
332796, 'SFS30'
342271, 'PFI10'
328916, 'SFS30'
350113, 'SWM30'
326085, 'PFI10'
342517, 'PFI10'
344166, 'PFI10'
314779, 'SWM30'
315301, 'PFI10'
325588, 'SFS30'
326081, 'PFI10'
328912, 'PFI10'
344604, 'PFI10'
332786, 'PFI10'
359127, 'SFS30'
342507, 'PFI10'
345526, 'SFS30'
311177, 'PFI10'
358205, 'PFI10'
314782, 'SWM30'
359682, 'PFI10'
341783, 'SFS30'
332779, 'PFI10'
368463, 'SFS30'
325563, 'SFS30'
335770, 'PFI10'
332590, 'PFI10'
330387, 'PFI10'
315649, 'SFS30'
324480, 'SFS30'
333842, 'PFI10'
336912, 'PFI10'
315113, 'PFI10'
343433, 'PFI10'
348572, 'PFI10'
341556, 'SFS30'
339406, 'SFS30'
315852, 'SFS30'
320631, 'SFS30'
348599, 'PFI10'
320625, 'SFS30'
366670, 'SFS30'
330350, 'PFI10'
331066, 'PFI10'
340847, 'PFI10'
365351, 'PFI10'
335572, 'SFS30'
327176, 'PFI10'
347682, 'SFS30'
343382, 'SFS30'
354761, 'PFI10'
348348, 'PFI10'
363867, 'SFS30'
359537, 'PFI10'
336696, 'PFI10'
340728, 'SFS30'
338693, 'PFI10'
336866, 'SFS30'
353032, 'PFI10'
352338, 'PFI10'
354749, 'SFS30'
338687, 'PFI10'
351802, 'PFI10'
364661, 'SFS30'
314386, 'PFI10'
338678, 'PFI10'
339566, 'PFI10'
342842, 'PFI10'
332369, 'PFI10'
338644, 'SFS30'
364649, 'PFI10'
349254, 'PFI10'
335189, 'PFI10'
340264, 'PFI10'
348638, 'PFI10'
343023, 'PFI10'
348162, 'SFS30'
315271, 'PFI10'
344980, 'PFI10'
348604, 'PFI10'
348837, 'PFI10'
334254, 'PFI10'
355866, 'SFS30'
364477, 'PFI10'
343976, 'PFI10'
339002, 'PFI10'
328641, 'PFI10'
344957, 'PFI10'
326678, 'SFS30'
350088, 'PFI10'
341184, 'SFS30'
336318, 'PFI10'
365026, 'SFS30'
344956, 'PFI10'
328640, 'PFI10'
339003, 'PFI10'
339017, 'PFI10'
327229, 'SFS30'
323729, 'SFS30'
348163, 'SFS30'
339942, 'PFI10'
355126, 'PFI10'
348611, 'PFI10'
339956, 'PFI10'
349241, 'PFI10'
346600, 'PFI10'
349255, 'PFI10'
316989, 'PFI10'
321472, 'PFI10'
332368, 'PFI10'
340932, 'PFI10'
335375, 'SFS30'
342843, 'PFI10'
339201, 'PFI10'
366077, 'SFS30'
343220, 'PFI10'
336867, 'PFI10'
325833, 'SFS30'
354774, 'PFI10'
334080, 'PFI10'
349043, 'SFS30'
336697, 'PFI10'
348349, 'PFI10'
336683, 'PFI10'
340715, 'PFI10'
354760, 'SFS30'
320618, 'SFS30'
338725, 'PFI10'
340846, 'PFI10'
331067, 'PFI10'
331701, 'SFS30'
365378, 'PFI11'
316396, 'PFI10'
337358, 'PFI10'
330351, 'PFI10'
338719, 'PFI10'
339407, 'SFS30'
336734, 'SFS30'
341231, 'PFI11'
348573, 'PFI10'
315112, 'SFS30'
348201, 'PFI10'
367584, 'PFI10'
320817, 'SFS30'
343432, 'PFI10'
365393, 'PFI10'
324481, 'SFS30'
342704, 'SFS30'
344413, 'PFI10'
333843, 'PFI10'
330392, 'PFI10'
333857, 'PFI10'
331271, 'PFI10'
333466, 'SFS30'
335771, 'PFI10'
327375, 'PFI10'
346947, 'PFI10'
347481, 'PFI10'
344822, 'PFI10'
333472, 'SFS30'
335003, 'SFS30'
339639, 'SFS30'
324126, 'SFS30'
330153, 'PFI10'
326057, 'PFI10'
314783, 'SWM30'
358589, 'PFI10'
343142, 'PFI10'
341027, 'SFS30'
341741, 'SFS30'
332787, 'PFI10'
326080, 'PFI10'
350116, 'PFI10'
342512, 'PFI10'
344163, 'PFI10'
325589, 'SFS30'
365813, 'PFI11'
342274, 'PFI10'
328913, 'PFI10'
327388, 'PFI10'
352071, 'PFI10'
332785, 'PFI10'
305129, 'PFI10'
328911, 'PFI10'
342276, 'PFI10'
345519, 'PFI10'
349445, 'PFI10'
326082, 'PFI10'
324865, 'PFI10'
352059, 'PFI10'
348767, 'PFI10'
316828, 'SWM30'
332752, 'PFI10'
339161, 'SFS30'
346945, 'PFI10'
363535, 'PFI10'
352930, 'SFS30'
335773, 'PFI10'
344834, 'PFI10'
333464, 'SFS30'
369018, 'PFI10'
331273, 'PFI10'
368306, 'PFI10'
333470, 'SFS30'
343829, 'PFI10'
347497, 'PFI10'
313549, 'SFS30'
324483, 'SFS30'
337399, 'SFS30'
330384, 'PFI10'
357451, 'SFS30'
314568, 'SFS30'
367586, 'SFS30'
336911, 'PFI10'
325038, 'PFI10'
332544, 'PFI10'
330353, 'PFI10'
366673, 'SFS30'
320626, 'SFS30'
320632, 'SFS30'
337400, 'SFS30'
340850, 'PFI10'
332578, 'PFI10'
327175, 'PFI10'
361120, 'PFI11'
347681, 'SFS30'
335565, 'PFI10'
355291, 'PFI10'
365352, 'PFI10'
333672, 'PFI10'
331065, 'PFI10'
326486, 'SFS30'
322838, 'PFI10'
359534, 'SFS30'
348439, 'PFI10'
313429, 'SFS30'
356175, 'PFI10'
343236, 'PFI10'
358170, 'PFI10'
367380, 'SFS30'
336871, 'SFS30'
341421, 'PFI10'
346428, 'PFI10'
355332, 'SFS30'
338690, 'PFI10'
336865, 'PFI10'
365583, 'PFI10'
334041, 'PFI10'
340918, 'PFI10'
325158, 'PFI10'
340924, 'PFI10'
338647, 'PFI10'
335377, 'SFS30'
352663, 'PFI10'
349257, 'SFS30'
323918, 'SFS30'
353227, 'PFI10'
332801, 'SFS30'
343975, 'PFI10'
321896, 'SFS30'
368528, 'SFS30'
339001, 'PFI10'
359093, 'PFI10'
339015, 'SFS30'
360148, 'PFI10'
368514, 'PFI10'
343791, 'PFI10'
365030, 'SFS30'
344798, 'PFI10'
357082, 'PFI10'
328642, 'PFI10'
350921, 'PFI10'
369178, 'PFI10'
345492, 'PFI10'
344954, 'PFI10'
365024, 'SFS30'
357928, 'PFI10'
369179, 'PFI10'
368501, 'PFI10'
320579, 'SFS30'
352851, 'SFS30'
353597, 'PFI10'
339014, 'PFI10'
339000, 'PFI10'
339955, 'PFI10'
332800, 'SFS30'
365958, 'PFI10'
362789, 'PFI10'
323919, 'SFS30'
360834, 'SFS30'
304356, 'PFI10'
334295, 'PFI10'
336482, 'PFI10'
340931, 'PFI10'
339558, 'PFI10'
338646, 'PFI10'
341385, 'PFI10'
326336, 'PFI10'
353971, 'PFI10'
325159, 'PFI10'
340919, 'PFI10'
324535, 'SFS30'
338691, 'PFI10'
341420, 'PFI10'
336870, 'SFS30'
338685, 'PFI10'
367381, 'SFS30'
329788, 'SFS30'
333908, 'PFI10'
345120, 'SFS30'
346429, 'PFI10'
313428, 'SFS30'
336694, 'PFI10'
320790, 'SFS30'
359535, 'SFS30'
327160, 'PFI10'
343380, 'SFS30'
331070, 'PFI10'
361121, 'PFI11'
337367, 'PFI10'
320633, 'SFS30'
330346, 'PFI10'
330352, 'PFI10'
356982, 'PFI10'
343431, 'PFI10'
344438, 'PFI10'
315111, 'SFS30'
333868, 'PFI10'
348202, 'PFI10'
355247, 'SFS30'
339389, 'SFS30'
330385, 'PFI10'
352272, 'PFI10'
333840, 'PFI10'
332586, 'PFI10'
330391, 'PFI10'
324482, 'SFS30'
343828, 'PFI10'
335772, 'PFI10'
346944, 'PFI10'
333465, 'SFS30'
344835, 'PFI10'
348941, 'SFS30'
346978, 'PFI10'
334450, 'PFI10'
348014, 'PFI10'
326083, 'PFI10'
349444, 'SFS30'
324694, 'PFI10'
342505, 'PFI10'
352716, 'SFS30'
353453, 'PFI10'
332907, 'PFI10'
343126, 'PFI10'
364599, 'PFI10'
344649, 'PFI10'
341731, 'SFS30'
328793, 'PFI10'
326966, 'PFI10'
349437, 'PFI10'
346704, 'PFI10'
330692, 'SFS30'
323822, 'SFS30'
316641, 'PFI10'
326782, 'PFI10'
346710, 'PFI10'
335715, 'PFI10'
352956, 'PFI10'
337664, 'SFS30'
345580, 'SFS30'
337670, 'SFS30'
368374, 'SFS30'
367047, 'PFI10'
333370, 'SFS30'
364228, 'SFS30'
335701, 'PFI10'
330889, 'PFI10'
334437, 'PFI10'
328778, 'PFI10'
366371, 'PFI10'
337658, 'SFS30'
316696, 'SFS30'
336546, 'PFI10'
316682, 'PFI10'
328585, 'PFI10'
357351, 'PFI10'
345755, 'SFS30'
343442, 'PFI10'
347624, 'PFI10'
366832, 'SFS30'
313261, 'SFS30'
342990, 'PFI10'
318452, 'PFI10'
328591, 'PFI10'
352215, 'PFI10'
345769, 'PFI10'
346506, 'SWM30'
354102, 'PFI10'
346512, 'PFI10'
369297, 'PFI10'
363751, 'SFS30'
353686, 'PFI10'
337314, 'PFI10'
333614, 'PFI10'
364994, 'SFS30'
317952, 'PFI10'
336744, 'PFI10'
330335, 'PFI10'
349184, 'PFI10'
313467, 'SFS30'
343250, 'PFI10'
344259, 'PFI10'
313301, 'PFI10'
348463, 'PFI10'
354738, 'PFI10'
330282, 'PFI10'
346314, 'PFI10'
349027, 'PFI10'
342614, 'SFS30'
325843, 'SFS30'
356675, 'PFI10'
347778, 'SWM30'
330296, 'PFI10'
343293, 'PFI10'
351697, 'PFI10'
338621, 'PFI10'
337512, 'PFI10'
339259, 'PFI10'
342827, 'PFI10'
346499, 'PFI10'
365526, 'SFS30'
364610, 'PFI10'
334027, 'PFI10'
364176, 'PFI10'
339265, 'PFI10'
360304, 'PFI10'
314485, 'PFI10'
316709, 'SFS30'
314650, 'SFS30'
342416, 'PFI10'
337937, 'SFS30'
328817, 'PFI10'
316721, 'PFI10'
342370, 'PFI10'
330094, 'PFI10'
336368, 'PFI10'
346857, 'PFI10'
360648, 'SFS30'
328630, 'PFI10'
347585, 'PFI10'
352836, 'SFS30'
349580, 'PFI10'
316084, 'SFS30'
364374, 'PFI11'
337738, 'SFS30'
369123, 'PFI10'
337739, 'SFS30'
316085, 'SFS30'
328625, 'PFI10'
352837, 'SFS30'
331406, 'PFI10'
347590, 'PFI10'
350952, 'PFI10'
328631, 'PFI10'
330095, 'PFI10'
354275, 'PFI10'
342417, 'PFI10'
323943, 'SFS30'
337936, 'SFS30'
357754, 'PFI10'
330917, 'PFI10'
324962, 'SFS30'
343721, 'PFI10'
345350, 'SFS30'
339264, 'PFI10'
367330, 'SFS30'
354936, 'PFI10'
339258, 'PFI10'
349967, 'PFI10'
347779, 'SWM30'
346467, 'PFI10'
332480, 'PFI10'
330297, 'PFI10'
318241, 'PFI10'
356884, 'PFI11'
348462, 'PFI10'
344258, 'PFI10'
336745, 'PFI10'
367522, 'SFS30'
330308, 'PFI10'
325063, 'SFS30'
353693, 'PFI10'
346513, 'PFI10'
340162, 'PFI10'
346261, 'PFI10'
354103, 'PFI10'
317006, 'SFS30'
347631, 'PFI10'
357350, 'PFI10'
366833, 'SFS30'
343443, 'PFI10'
336553, 'PFI10'
364215, 'PFI10'
330888, 'PFI10'
337659, 'SFS30'
328779, 'PFI10'
359180, 'SFS30'
345581, 'SFS30'
335700, 'PFI10'
353485, 'PFI10'
350198, 'PFI10'
333403, 'SFS30'
326768, 'PFI10'
337665, 'SFS30'
347369, 'PFI10'
344660, 'PFI10'
323823, 'SFS30'
346711, 'PFI10'
350167, 'PFI10'
346705, 'PFI10'
328792, 'PFI10'
308330, 'PFI10'
358261, 'PFI10'
357152, 'PFI10'
353334, 'PFI10'
343127, 'PFI10'
362841, 'PFI10'
347357, 'PFI10'
328790, 'PFI10'
366399, 'PFI10'
354459, 'PFI10'
343125, 'PFI10'
358263, 'SFS30'
330875, 'PFI10'
363593, 'SFS30'
345232, 'SFS30'
340362, 'PFI10'
332092, 'SFS30'
323821, 'SFS30'
352014, 'PFI10'
346707, 'PFI10'
321944, 'SFS30'
330691, 'SFS30'
359814, 'SFS30'
341083, 'PFI10'
352799, 'PFI10'
337673, 'PFI10'
368377, 'SFS30'
330108, 'PFI10'
337667, 'PFI10'
368363, 'SFS30'
344851, 'PFI10'
333367, 'SFS30'
334408, 'SFS30'
340389, 'SFS30'
330120, 'PFI10'
335058, 'PFI10'
333429, 'SFS30'
334434, 'PFI10'
322256, 'SFS30'
328592, 'PFI10'
366825, 'SFS30'
345024, 'SFS30'
343441, 'PFI10'
366831, 'SFS30'
328586, 'PFI10'
357352, 'PFI10'
358061, 'PFI10'
345756, 'SFS30'
345018, 'PFI10'
334839, 'PFI10'
353108, 'SFS30'
354667, 'PFI10'
340821, 'PFI10'
337317, 'PFI10'
351910, 'PFI10'
342978, 'PFI10'
336747, 'PFI10'
337459, 'PFI10'
328579, 'PFI10'
346459, 'PFI10'
334971, 'SWM30'
348460, 'PFI10'
350549, 'PFI10'
322861, 'PFI10'
355431, 'PFI10'
346303, 'PFI10'
332482, 'PFI10'
316252, 'PFI10'
333788, 'SWM30'
342830, 'PFI10'
334018, 'PFI10'
354934, 'PFI10'
336627, 'PFI10'
320723, 'SFS30'
339266, 'PFI10'
364613, 'PFI10'
345352, 'SFS30'
317372, 'PFI10'
339931, 'PFI10'
330901, 'PFI10'
336380, 'PFI10'
326193, 'SFS30'
349554, 'PFI10'
349232, 'PFI10'
330097, 'PFI10'
331389, 'PFI10'
328800, 'PFI10'
337934, 'SFS30'
316722, 'PFI10'
342415, 'PFI10'
321830, 'PFI10'
343938, 'PFI10'
333207, 'PFI10'
328627, 'PFI10'
337713, 'PFI10'
347592, 'PFI10'
331404, 'PFI10'
346854, 'SFS30'
350978, 'PFI10'
362060, 'PFI10'
335139, 'PFI10'
320534, 'SFS30'
350951, 'PFI10'
346855, 'SFS30'
347593, 'PFI10'
330069, 'PFI10'
362049, 'PFI11'
337935, 'SFS30'
321831, 'PFI10'
354276, 'PFI10'
342414, 'PFI10'
352613, 'PFI10'
316051, 'SFS30'
336381, 'PFI10'
328801, 'PFI10'
316737, 'SFS30'
330900, 'PFI10'
347544, 'PFI10'
345353, 'PFI10'
339267, 'PFI10'
364612, 'PFI10'
345804, 'PFI10'
334031, 'PFI10'
335449, 'SFS30'
366777, 'PFI10'
342831, 'PFI10'
334019, 'PFI10'
332468, 'PFI10'
342616, 'SFS30'
359550, 'SFS30'
317159, 'PFI10'
349025, 'PFI10'
330280, 'PFI10'
332483, 'PFI10'
322848, 'SFS30'
346302, 'PFI10'
330294, 'PFI10'
352411, 'PFI10'
345151, 'PFI10'
360266, 'PFI10'
336746, 'PFI10'
332534, 'PFI10'
354869, 'PFI10'
362303, 'PFI11'
345794, 'PFI10'
355587, 'PFI10'
345780, 'PFI10'
355593, 'PFI10'
346262, 'PFI10'
340161, 'PFI10'
345031, 'SFS30'
357353, 'PFI10'
328587, 'PFI10'
328593, 'PFI10'
353121, 'PFI10'
342992, 'PFI10'
352559, 'PFI10'
366824, 'SFS30'
330135, 'PFI10'
332722, 'PFI10'
334435, 'PFI10'
339111, 'SFS30'
360070, 'PFI10'
335059, 'PFI10'
316680, 'PFI10'
330121, 'PFI10'
367051, 'PFI10'
337666, 'SFS30'
330109, 'PFI10'
332078, 'PFI10'
335717, 'PFI10'
353486, 'PFI10'
335703, 'PFI10'
362883, 'PFI10'
337672, 'PFI10'
345569, 'SFS30'
332939, 'SFS30'
352015, 'PFI10'
346060, 'SFS30'
330690, 'SFS30'
321945, 'SFS30'
332087, 'PFI10'
358262, 'PFI10'
343124, 'PFI10'
345233, 'SFS30'
352997, 'PFI10'
342548, 'SFS30'
352983, 'PFI10'
347356, 'SFS30'
328949, 'PFI10'
337851, 'SFS30'
360909, 'SFS30'
340367, 'PFI10'
344115, 'PFI10'
346702, 'PFI10'
340373, 'PFI10'
337845, 'SFS30'
352987, 'PFI10'
330870, 'PFI10'
311666, 'SFS30'
353455, 'PFI10'
369050, 'PFI10'
330125, 'PFI10'
316684, 'PFI10'
332732, 'PFI10'
334425, 'SFS30'
331549, 'PFI10'
337138, 'PFI10'
334431, 'PFI10'
363569, 'SFS30'
335049, 'PFI10'
332726, 'PFI10'
345586, 'PFI10'
337676, 'PFI10'
330119, 'PFI10'
359811, 'SFS30'
338223, 'SFS30'
327317, 'PFI10'
320478, 'SFS30'
328742, 'PFI10'
333404, 'SFS30'
340165, 'PFI10'
346514, 'PFI10'
355568, 'SFS30'
336959, 'PFI10'
369285, 'PFI10'
340171, 'PFI10'
334828, 'PFI10'
315616, 'PFI10'
342996, 'PFI10'
334800, 'SFS30'
345747, 'SFS30'
313501, 'SFS30'
345753, 'SFS30'
313515, 'SFS30'
313273, 'SFS30'
343444, 'PFI10'
347622, 'PFI10'
347811, 'SFS30'
335539, 'PFI10'
336756, 'PFI10'
336742, 'PFI10'
320120, 'SWM30'
332524, 'PFI10'
334633, 'PFI10'
356908, 'PFI11'
353680, 'PFI10'
342955, 'PFI10'
337312, 'PFI10'
367525, 'SFS30'
345784, 'PFI10'
354689, 'PFI10'
345790, 'PFI10'
353694, 'PFI10'
342799, 'PFI10'
334790, 'SWM30'
330290, 'PFI10'
346312, 'PFI10'
316243, 'SWM30'
334974, 'PFI10'
352429, 'SFS30'
353051, 'PFI10'
340993, 'PFI10'
347030, 'PFI10'
317607, 'SFS30'
343256, 'PFI10'
348465, 'PFI10'
364616, 'PFI10'
334021, 'PFI10'
342809, 'PFI10'
339263, 'PFI10'
320732, 'SFS30'
347781, 'SWM30'
323788, 'PFI10'
330092, 'PFI10'
328805, 'PFI10'
357009, 'PFI10'
314642, 'SFS30'
335698, 'PFI10'
330086, 'PFI10'
317439, 'SFS30'
337931, 'SFS30'
340561, 'PFI10'
332691, 'PFI10'
335868, 'SFS30'
345357, 'PFI10'
330910, 'SFS30'
355150, 'PFI10'
339920, 'PFI10'
360666, 'SFS30'
350969, 'PFI10'
328622, 'PFI10'
345380, 'SFS30'
343929, 'PFI10'
346851, 'SFS30'
328636, 'PFI10'
343928, 'PFI10'
362058, 'PFI11'
365737, 'PFI10'
328637, 'PFI10'
360883, 'SFS30'
339060, 'PFI10'
339706, 'PFI10'
317389, 'PFI10'
330911, 'SFS30'
335869, 'SFS30'
356464, 'PFI10'
347569, 'PFI10'
332690, 'PFI10'
323945, 'SFS30'
330087, 'PFI10'
349236, 'PFI10'
330093, 'PFI10'
352616, 'PFI10'
347780, 'SWM30'
345829, 'PFI10'
345801, 'PFI10'
320733, 'SFS30'
339262, 'PFI10'
316281, 'PFI10'
342808, 'PFI10'
364603, 'PFI10'
347031, 'PFI10'
347757, 'SWM30'
352428, 'SFS30'
313474, 'SFS30'
330285, 'PFI10'
346461, 'PFI10'
325844, 'SFS30'
330291, 'PFI10'
364987, 'SFS30'
342798, 'PFI10'
337307, 'PFI10'
367524, 'SFS30'
333175, 'PFI10'
342954, 'PFI10'
333613, 'PFI10'
354850, 'PFI10'
345785, 'PFI10'
337475, 'PFI10'
332525, 'PFI10'
369247, 'PFI10'
336743, 'PFI10'
334632, 'PFI10'
336757, 'PFI10'
332531, 'PFI10'
313514, 'SFS30'
345752, 'SFS30'
334815, 'PFI10'
342983, 'SFS30'
334801, 'SFS30'
315617, 'SFS30'
342997, 'PFI10'
345020, 'PFI10'
317000, 'SFS30'
340158, 'PFI10'
328596, 'PFI10'
346267, 'PFI10'
314247, 'PFI10'
340170, 'PFI10'
346515, 'PFI10'
340164, 'PFI10'
342773, 'PFI10'
320479, 'SFS30'
337663, 'SFS30'
368373, 'SFS30'
330118, 'PFI10'
345587, 'PFI10'
364207, 'PFI10'
363568, 'PFI10'
337139, 'PFI10'
331548, 'PFI10'
332727, 'PFI10'
336555, 'SFS30'
330124, 'PFI10'
332055, 'PFI10'
330871, 'PFI10'
328780, 'PFI10'
323819, 'SFS30'
357140, 'PFI10'
346703, 'PFI10'
332082, 'PFI10'
369086, 'PFI10'
337844, 'SFS30'
328970, 'PFI10'
337850, 'SFS30'
345578, 'SFS30'
340366, 'PFI10'
359637, 'PFI10'
337846, 'SFS30'
332080, 'PFI10'
321942, 'SFS30'
320484, 'SFS30'
340370, 'PFI10'
340364, 'PFI10'
347345, 'PFI10'
367095, 'PFI10'
330873, 'PFI10'
352990, 'PFI10'
363581, 'SFS30'
353442, 'SFS30'
346729, 'PFI10'
318133, 'SFS30'
330867, 'PFI10'
341720, 'SFS30'
326988, 'SFS30'
359184, 'SFS30'
338208, 'SFS30'
334432, 'PFI10'
330898, 'PFI10'
359190, 'SFS30'
330126, 'PFI10'
332731, 'PFI10'
368365, 'SFS30'
332719, 'PFI10'
355782, 'PFI10'
327314, 'PFI10'
368371, 'SFS30'
340172, 'PFI10'
345778, 'PFI10'
342017, 'SFS30'
333188, 'PFI10'
313270, 'SFS30'
347621, 'PFI10'
328580, 'PFI10'
345750, 'SFS30'
313516, 'SFS30'
317002, 'SFS30'
342995, 'SFS30'
334803, 'SFS30'
334630, 'PFI10'
329107, 'PFI10'
336741, 'PFI10'
369245, 'PFI10'
349195, 'PFI10'
332527, 'PFI10'
336755, 'PFI10'
351916, 'PFI10'
326208, 'PFI10'
352589, 'PFI10'
338988, 'PFI10'
357397, 'PFI10'
333611, 'PFI10'
335260, 'PFI10'
353683, 'PFI10'
342956, 'PFI10'
333177, 'PFI10'
337311, 'PFI10'
315991, 'PFI10'
346311, 'PFI10'
351679, 'PFI10'
332484, 'PFI10'
336184, 'PFI10'
350201, 'SFS30'
338181, 'SFS30'
354729, 'PFI10'
317610, 'SFS30'
346339, 'PFI10'
339260, 'PFI10'
345803, 'PFI10'
329701, 'SFS30'
326354, 'PFI10'
320725, 'SFS30'
314480, 'SFS30'
343296, 'SFS30'
330278, 'PFI10'
330085, 'PFI10'
318709, 'PFI10'
337932, 'SFS30'
342413, 'PFI10'
352614, 'PFI10'
343719, 'PFI10'
330091, 'PFI10'
349234, 'PFI10'
328806, 'PFI10'
316718, 'SFS30'
345354, 'PFI10'
357036, 'PFI10'
331358, 'PFI10'
337729, 'SFS30'
364371, 'PFI10'
328635, 'PFI10'
337715, 'PFI10'
333201, 'PFI10'
361547, 'PFI10'
345396, 'PFI10'
333200, 'PFI10'
314867, 'PFI10'
337714, 'PFI10'
360894, 'PFI11'
346853, 'SFS30'
336344, 'PFI10'
320240, 'SFS30'
333228, 'PFI10'
349584, 'SFS30'
330912, 'SFS30'
358462, 'SFS30'
346884, 'PFI10'
352629, 'PFI10'
355146, 'SFS30'
339922, 'PFI10'
343730, 'PFI10'
346890, 'PFI10'
354264, 'PFI10'
328807, 'PFI10'
330090, 'PFI10'
365907, 'PFI10'
337933, 'SFS30'
349547, 'PFI10'
326180, 'PFI10'
319827, 'SFS30'
351687, 'PFI10'
338631, 'PFI10'
337516, 'PFI10'
349786, 'PFI10'
339261, 'PFI10'
345802, 'PFI10'
364614, 'PFI10'
361787, 'PFI10'
317611, 'SFS30'
345157, 'PFI10'
344249, 'PFI10'
334976, 'PFI10'
356881, 'PFI11'
317163, 'PFI10'
313305, 'SFS30'
343254, 'PFI10'
332485, 'PFI10'
330292, 'PFI10'
350200, 'SFS30'
346462, 'PFI10'
330286, 'PFI10'
346310, 'PFI10'
330319, 'PFI10'
349802, 'PFI10'
333176, 'PFI10'
342957, 'PFI10'
353696, 'PFI10'
326209, 'PFI10'
337304, 'PFI10'
351917, 'PFI10'
332532, 'PFI10'
347813, 'PFI10'
347807, 'SWM30'
334631, 'PFI10'
363769, 'PFI10'
332526, 'PFI10'
334802, 'SFS30'
313517, 'SFS30'
346516, 'PFI10'
347608, 'PFI10'
359422, 'PFI10'
363543, 'PFI10'
338547, 'PFI10'
337674, 'PFI10'
337660, 'SFS30'
327315, 'PFI10'
364210, 'PFI10'
336556, 'PFI10'
359191, 'SFS30'
337884, 'PFI10'
338209, 'SFS30'
318132, 'SFS30'
346728, 'PFI10'
364589, 'SFS30'
328783, 'PFI10'
347344, 'PFI10'
343122, 'PFI10'
313715, 'PFI10'
345235, 'SFS30'
363594, 'SFS30'
330872, 'PFI10'
352013, 'PFI10'
359146, 'PFI10'
341709, 'SFS30'
337847, 'SFS30'
311641, 'SWM30'
347361, 'SWM30'
357172, 'SFS30'
317556, 'PFI10'
317224, 'PFI10'
311655, 'PFI10'
352778, 'SFS30'
346725, 'PFI10'
340354, 'PFI10'
314705, 'SFS30'
352750, 'PFI10'
328942, 'PFI10'
352022, 'PFI10'
323803, 'PFI10'
352744, 'PFI10'
346731, 'PFI10'
327330, 'SFS30'
317581, 'SFS30'
332729, 'PFI10'
337137, 'PFI10'
334416, 'SFS30'
335708, 'PFI10'
364221, 'SFS30'
330116, 'PFI10'
328759, 'SFS30'
332715, 'PFI10'
356287, 'SFS30'
368369, 'SFS30'
355567, 'SFS30'
357370, 'PFI10'
317032, 'PFI10'
333190, 'PFI10'
334827, 'PFI10'
347611, 'PFI10'
328598, 'PFI10'
343339, 'PFI10'
352234, 'PFI10'
345748, 'SFS30'
342999, 'PFI10'
340156, 'PFI10'
346527, 'SFS30'
346255, 'PFI10'
336759, 'PFI10'
335250, 'PFI10'
335536, 'SFS30'
334628, 'PFI10'
327132, 'PFI10'
360279, 'PFI10'
331022, 'PFI10'
369249, 'PFI10'
332503, 'PFI10'
326210, 'PFI10'
364023, 'SFS30'
342796, 'PFI10'
340181, 'PFI10'
336771, 'PFI10'
322843, 'SFS30'
359229, 'SFS30'
347765, 'SWM30'
353076, 'PFI10'
329080, 'PFI10'
347759, 'SWM30'
346321, 'PFI10'
317608, 'SFS30'
354916, 'PFI10'
342812, 'PFI10'
317191, 'PFI10'
342806, 'PFI10'
339244, 'PFI10'
362526, 'SFS30'
354094, 'PFI10'
354080, 'PFI10'
360866, 'SFS30'
345370, 'PFI10'
349562, 'PFI10'
345358, 'PFI10'
335867, 'SFS30'
352142, 'PFI10'
316700, 'SFS30'
349576, 'SFS30'
321635, 'PFI10'
337731, 'SFS30'
328611, 'PFI10'
337725, 'SFS30'
317393, 'PFI10'
343932, 'PFI10'
339046, 'PFI10'
328639, 'PFI10'
333219, 'PFI10'
328638, 'PFI10'
330063, 'PFI10'
350797, 'PFI10'
335133, 'PFI10'
331355, 'PFI10'
328610, 'PFI10'
337730, 'SFS30'
349211, 'PFI10'
346644, 'PFI10'
335872, 'SFS30'
314664, 'SFS30'
335866, 'SFS30'
341881, 'SFS30'
346136, 'PFI10'
330088, 'PFI10'
337081, 'SFS30'
348655, 'PFI10'
324957, 'SFS30'
349239, 'PFI10'
354095, 'PFI10'
363611, 'SFS30'
337254, 'PFI10'
339279, 'PFI10'
342813, 'PFI10'
352341, 'PFI10'
359214, 'PFI10'
361953, 'PFI10'
346452, 'PFI10'
352427, 'SFS30'
347764, 'SWM30'
357577, 'SFS30'
353711, 'PFI10'
354718, 'PFI10'
322842, 'SFS30'
313321, 'SFS30'
317147, 'PFI10'
340180, 'PFI10'
366621, 'SFS30'
342797, 'PFI10'
330301, 'PFI10'
336770, 'PFI10'
332502, 'PFI10'
344494, 'PFI10'
355599, 'PFI10'
327127, 'PFI10'
336758, 'PFI10'
337320, 'PFI10'
334629, 'PFI10'
362484, 'PFI10'
352235, 'PFI10'
328599, 'PFI10'
346526, 'SFS30'
340157, 'SFS30'
342998, 'PFI10'
333191, 'PFI10'
368181, 'PFI10'
345775, 'PFI10'
366812, 'SFS30'
326761, 'PFI10'
360046, 'SFS30'
332066, 'PFI10'
337678, 'PFI10'
330117, 'PFI10'
328758, 'SFS30'
335047, 'PFI10'
332728, 'PFI10'
363573, 'PFI10'
352976, 'SFS30'
338211, 'SFS30'
330895, 'PFI10'
323802, 'PFI10'
354452, 'PFI10'
352023, 'PFI10'
346730, 'PFI11'
346724, 'PFI10'
344655, 'PFI10'
360913, 'SFS30'
358254, 'PFI10'
357167, 'SFS30'
345577, 'SFS30'
347360, 'PFI10'
345561, 'PFI11'
328969, 'PFI10'
341707, 'SFS30'
337685, 'SFS30'
346732, 'PFI10'
316663, 'PFI10'
352021, 'PFI10'
352035, 'PFI10'
328799, 'PFI10'
346726, 'PFI10'
330868, 'PFI10'
352960, 'PFI10'
338207, 'SFS30'
337652, 'SFS30'
335045, 'PFI10'
333434, 'SFS30'
338213, 'SFS30'
332716, 'PFI10'
339643, 'SWM30'
326763, 'PFI10'
330115, 'PFI10'
321018, 'PFI10'
342583, 'SFS30'
360044, 'SFS30'
357367, 'PFI10'
353101, 'PFI10'
355570, 'PFI10'
333193, 'PFI10'
334824, 'PFI10'
347606, 'PFI10'
345011, 'PFI10'
334830, 'PFI10'
283650, 'SWM30'
333839, 'PFI10'
346256, 'PFI10'
350434, 'PFI10'
349171, 'PFI10'
332528, 'PFI10'
329108, 'PFI10'
342971, 'PFI10'
327131, 'PFI10'
336772, 'PFI10'
330303, 'PFI10'
353698, 'PFI10'
342795, 'PFI10'
340182, 'PFI10'
326207, 'PFI10'
326213, 'SFS30'
364020, 'SFS30'
345788, 'PFI10'
332500, 'PFI10'
330317, 'PFI10'
330288, 'PFI10'
346478, 'PFI10'
357575, 'SFS30'
347766, 'SWM30'
313323, 'SFS30'
322840, 'PFI10'
349039, 'SFS30'
350540, 'PFI10'
361945, 'PFI10'
359202, 'PFI10'
366780, 'SFS30'
346450, 'PFI11'
338617, 'SFS30'
342805, 'PFI10'
362519, 'SFS30'
342811, 'PFI10'
345830, 'PFI10'
342839, 'PFI10'
358861, 'PFI10'
366757, 'SFS30'
362525, 'SFS30'
334005, 'PFI10'
319829, 'SFS30'
345373, 'PFI10'
323790, 'SFS30'
357005, 'PFI10'
353263, 'PFI10'
335858, 'PFI10'
342420, 'PFI10'
335870, 'SFS30'
316071, 'SFS30'
352627, 'PFI10'
333226, 'PFI10'
331357, 'PFI10'
335131, 'PFI10'
337732, 'SFS30'
333232, 'PFI10'
346685, 'PFI10'
339051, 'PFI10'
343925, 'PFI10'
360642, 'SFS30'
346849, 'PFI10'
339044, 'PFI10'
364343, 'PFI10'
360643, 'SFS30'
352197, 'PFI10'
328613, 'PFI10'
337733, 'SFS30'
331342, 'PFI10'
357979, 'PFI11'
321623, 'SFS30'
343918, 'PFI10'
335130, 'PFI10'
313691, 'SWM30'
328607, 'PFI10'
341882, 'SFS30'
352626, 'PFI10'
366583, 'PFI10'
330909, 'SFS30'
335871, 'SFS30'
352154, 'PFI10'
316716, 'SWM30'
353262, 'PFI10'
323949, 'SFS30'
362524, 'SFS30'
361987, 'PFI10'
366756, 'SFS30'
316299, 'SFS30'
342810, 'PFI10'
320059, 'SFS30'
342804, 'PFI10'
309346, 'PFI10'
329096, 'PFI10'
346451, 'PFI10'
366781, 'SFS30'
364196, 'PFI10'
354733, 'PFI10'
352342, 'PFI10'
361788, 'PFI10'
346323, 'PFI10'
352430, 'SFS30'
325860, 'SFS30'
316272, 'PFI10'
313322, 'SFS30'
353074, 'PFI10'
348454, 'PFI10'
347767, 'SWM30'
345170, 'SFS30'
333179, 'PFI10'
342958, 'PFI10'
336001, 'PFI10'
330316, 'PFI10'
345789, 'PFI10'
345945, 'PFI10'
330302, 'PFI10'
340183, 'PFI10'
350390, 'PFI10'
342794, 'PFI10'
352587, 'PFI10'
337323, 'PFI10'
335252, 'PFI10'
332529, 'PFI10'
337337, 'PFI10'
346257, 'PFI10'
313518, 'SFS30'
351703, 'PFI10'
333192, 'PFI10'
336565, 'PFI10'
330114, 'PFI10'
360045, 'SFS30'
332065, 'PFI10'
326762, 'PFI10'
330100, 'PFI10'
336559, 'PFI10'
307784, 'PFI10'
352975, 'PFI10'
334428, 'PFI10'
338212, 'SFS30'
330896, 'PFI10'
338206, 'SFS30'
333435, 'SFS30'
326986, 'SFS30'
337653, 'SFS30'
359161, 'PFI10'
346727, 'PFI10'
364592, 'SFS30'
323801, 'PFI10'
332924, 'PFI10'
344118, 'PFI10'
328968, 'PFI10'
316666, 'SFS30'
364596, 'PFI10'
330879, 'PFI10'
367935, 'PFI10'
344134, 'PFI10'
323839, 'SFS30'
360914, 'SFS30'
330689, 'SFS30'
360900, 'SFS30'
330104, 'PFI10'
326766, 'PFI10'
350196, 'PFI10'
332061, 'PFI10'
330110, 'PFI10'
336561, 'PFI10'
337657, 'SFS30'
330886, 'PFI10'
330892, 'PFI10'
331554, 'PFI10'
366829, 'SFS30'
340150, 'PFI10'
333196, 'PFI10'
363979, 'SFS30'
334821, 'PFI10'
357404, 'PFI10'
313520, 'PFI10'
345772, 'PFI10'
355561, 'SFS30'
337482, 'PFI10'
321586, 'SFS30'
342790, 'PFI10'
330306, 'PFI10'
344493, 'PFI10'
351908, 'PFI10'
331024, 'PFI10'
354864, 'PFI10'
342960, 'PFI10'
327134, 'PFI10'
344256, 'PFI10'
315019, 'PFI10'
349014, 'PFI10'
350551, 'PFI10'
355429, 'PFI10'
352420, 'SFS30'
339281, 'PFI10'
352408, 'PFI10'
348450, 'PFI10'
349028, 'PFI10'
361968, 'PFI10'
330299, 'PFI10'
359549, 'SFS30'
334799, 'SFS30'
346482, 'PFI10'
351698, 'PFI10'
332471, 'PFI10'
330266, 'SFS30'
339242, 'SFS30'
362520, 'SFS30'
342828, 'PFI10'
342800, 'PFI10'
354904, 'PFI10'
342814, 'PFI10'
316712, 'SFS30'
349570, 'SFS30'
330919, 'PFI10'
350753, 'PFI10'
328818, 'PFI10'
337938, 'SFS30'
342419, 'PFI10'
345362, 'PFI10'
353266, 'PFI10'
309197, 'SWM30'
346858, 'SFS30'
336367, 'PFI10'
339054, 'SFS30'
336373, 'PFI10'
339040, 'SFS30'
337723, 'SFS30'
333237, 'PFI10'
323742, 'SFS30'
337737, 'SFS30'
337736, 'SFS30'
311097, 'SFS30'
328602, 'PFI10'
339041, 'PFI10'
344928, 'PFI10'
346859, 'SFS30'
346681, 'PFI10'
297557, 'SFS30'
353267, 'PFI10'
337939, 'SFS30'
340569, 'PFI10'
342418, 'PFI10'
348653, 'PFI10'
352623, 'PFI10'
330918, 'PFI10'
347548, 'PFI10'
316707, 'SFS30'
350746, 'PFI10'
342815, 'PFI10'
335451, 'SFS30'
342801, 'PFI10'
361766, 'PFI10'
334029, 'PFI10'
337508, 'SWM30'
342829, 'PFI10'
362521, 'SFS30'
334773, 'PFI10'
354939, 'PFI10'
332464, 'PFI10'
330273, 'PFI10'
334798, 'SFS30'
349983, 'PFI10'
346468, 'PFI10'
337291, 'PFI10'
354078, 'PFI10'
350550, 'PFI10'
329093, 'PFI10'
339280, 'PFI10'
346440, 'PFI10'
327135, 'PFI10'
351921, 'PFI10'
336762, 'PFI10'
364742, 'PFI11'
345798, 'PFI10'
330307, 'PFI10'
353677, 'PFI10'
334820, 'PFI10'
353105, 'PFI10'
350424, 'PFI10'
334808, 'PFI10'
352555, 'PFI10'
349161, 'PFI10'
352970, 'PFI10'
338217, 'SFS30'
333424, 'PFI10'
337656, 'SFS30'
360068, 'SFS30'
368434, 'SFS30'
330887, 'PFI10'
336206, 'PFI10'
367049, 'SFS30'
330111, 'PFI10'
340384, 'PFI10'
359158, 'PFI10'
337681, 'PFI10'
347372, 'PFI10'
352019, 'PFI10'
343128, 'PFI10'
323804, 'SFS30'
359170, 'PFI10'
328789, 'PFI10'
346736, 'PFI10'
346720, 'PFI10'
319556, 'SFS30'
364595, 'PFI10'
332923, 'PFI10'
346708, 'PFI10'
347416, 'PFI10'
353463, 'PFI10'
333397, 'SFS30'
347370, 'PFI10'
360042, 'SFS30'
341098, 'PFI10'
352782, 'PFI10'
332076, 'PFI10'
337668, 'SFS30'
330107, 'PFI10'
328990, 'PFI10'
339645, 'SFS30'
335057, 'PFI10'
328760, 'SFS30'
330891, 'PFI10'
363577, 'PFI10'
335725, 'PFI10'
330885, 'PFI10'
331543, 'PFI10'
337654, 'SFS30'
328774, 'PFI10'
340153, 'PFI10'
319998, 'SFS30'
357349, 'PFI10'
333181, 'PFI10'
345771, 'PFI10'
355562, 'SFS30'
337495, 'PFI10'
345765, 'PFI10'
352219, 'PFI10'
333195, 'PFI10'
334822, 'PFI10'
329126, 'PFI10'
364026, 'SFS30'
336760, 'PFI10'
330311, 'PFI10'
369270, 'PFI10'
340184, 'PFI10'
327137, 'PFI10'
354873, 'PFI10'
342977, 'PFI10'
352423, 'SFS30'
346456, 'PFI10'
339282, 'PFI10'
354734, 'PFI10'
349017, 'PFI10'
359204, 'SFS30'
344255, 'PFI10'
363832, 'SFS30'
355358, 'PFI10'
348447, 'PFI10'
349981, 'PFI10'
322846, 'SFS30'
317157, 'PFI10'
320923, 'SFS30'
339241, 'SWM30'
362523, 'SFS30'
353098, 'SFS30'
330265, 'SFS30'
332466, 'PFI10'
334017, 'PFI10'
315967, 'PFI10'
366751, 'SWM30'
342817, 'PFI10'
327043, 'PFI10'
336628, 'PFI10'
333988, 'PFI10'
338611, 'PFI10'
321340, 'SFS30'
339269, 'PFI10'
342803, 'PFI10'
354536, 'PFI10'
346132, 'PFI10'
346640, 'PFI10'
357995, 'PFI10'
316711, 'PFI10'
354522, 'SFS30'
352153, 'PFI10'
314106, 'SFS30'
330098, 'PFI10'
339916, 'PFI10'
349229, 'PFI10'
328628, 'PFI10'
360888, 'PFI10'
364436, 'PFI10'
343937, 'PFI10'
328614, 'PFI10'
337734, 'SFS30'
316088, 'SFS30'
331351, 'PFI10'
328600, 'PFI10'
332880, 'PFI10'
335137, 'PFI10'
336359, 'PFI10'
328601, 'PFI10'
337735, 'SFS30'
333235, 'PFI10'
360889, 'PFI10'
328629, 'PFI10'
320513, 'SFS30'
343936, 'PFI10'
339917, 'PFI10'
342369, 'PFI10'
353264, 'PFI10'
316738, 'SFS30'
366591, 'SFS30'
345348, 'PFI10'
314107, 'PFI10'
350745, 'PFI10'
354906, 'PFI10'
342802, 'PFI10'
317195, 'PFI10'
320739, 'SFS30'
339268, 'PFI10'
364609, 'PFI10'
334016, 'PFI10'
362522, 'SFS30'
330264, 'PFI10'
338638, 'PFI10'
332473, 'PFI10'
353072, 'PFI10'
357572, 'PFI10'
325682, 'SFS30'
344254, 'PFI10'
366793, 'SFS30'
316260, 'SWM30'
361956, 'PFI10'
340807, 'PFI10'
363760, 'PFI10'
342976, 'PFI10'
327136, 'PFI10'
363774, 'PFI10'
344485, 'PFI10'
324371, 'PFI10'
340185, 'PFI10'
342792, 'PFI10'
325709, 'SFS30'
352595, 'PFI10'
326214, 'SFS30'
330310, 'PFI10'
336761, 'PFI10'
332507, 'PFI10'
342779, 'PFI10'
366817, 'SFS30'
355563, 'SFS30'
329696, 'PFI10'
350433, 'PFI10'
342989, 'PFI10'
350427, 'PFI10'
337133, 'SFS30'
330884, 'PFI10'
344863, 'SFS30'
333433, 'SFS30'
337655, 'SFS30'
321023, 'PFI10'
359198, 'PFI10'
363576, 'PFI10'
332077, 'PFI10'
352783, 'PFI10'
348903, 'SFS30'
340387, 'PFI10'
330106, 'PFI10'
337669, 'SFS30'
354480, 'PFI10'
336563, 'PFI10'
330112, 'PFI10'
346709, 'PFI10'
347371, 'PFI10'
332936, 'PFI10'
345572, 'SFS30'
332922, 'PFI10'
337682, 'SFS30'
352740, 'PFI10'
364594, 'SFS30'
366397, 'PFI11'
367089, 'PFI10'
323813, 'SFS30'
352032, 'PFI10'
363589, 'PFI10'
332945, 'PFI10'
325587, 'SFS30'
328909, 'PFI10'
331280, 'PFI10'
342520, 'PFI10'
350124, 'PFI10'
321911, 'SFS30'
352041, 'PFI10'
357139, 'PFI10'
330149, 'PFI10'
334449, 'PFI10'
363511, 'SFS30'
368444, 'SFS30'
358593, 'PFI10'
326059, 'SFS30'
368450, 'SFS30'
324896, 'SFS30'
316824, 'SFS30'
330175, 'PFI10'
336504, 'SFS30'
350681, 'PFI10'
326717, 'PFI10'
334475, 'PFI10'
332776, 'PFI10'
333468, 'SFS30'
340109, 'PFI10'
337381, 'SFS30'
313551, 'SFS30'
337395, 'SFS30'
355276, 'PFI10'
335582, 'PFI10'
320819, 'SFS30'
363934, 'PFI10'
344435, 'PFI10'
333865, 'PFI10'
341559, 'SFS30'
351992, 'PFI10'
333871, 'PFI10'
334878, 'PFI10'
327151, 'PFI10'
348596, 'PFI10'
367575, 'SFS30'
331055, 'PFI10'
317938, 'SFS30'
335227, 'PFI10'
367561, 'SFS30'
348582, 'PFI10'
331069, 'PFI10'
322773, 'SFS30'
327179, 'PFI10'
358975, 'PFI11'
338059, 'PFI10'
348347, 'PFI10'
341405, 'SFS30'
364875, 'PFI11'
353001, 'PFI10'
336699, 'PFI10'
341411, 'PFI10'
329961, 'SFS30'
307322, 'SFS30'
333087, 'PFI10'
352323, 'PFI10'
354752, 'SFS30'
364691, 'PFI10'
333911, 'PFI10'
367398, 'PFI11'
329791, 'SFS30'
336869, 'PFI10'
329785, 'SFS30'
346342, 'PFI10'
317858, 'SFS30'
336882, 'PFI10'
338677, 'PFI10'
339569, 'SFS30'
315083, 'SFS30'
332372, 'PFI10'
345844, 'PFI10'
325168, 'SFS30'
334065, 'PFI10'
322613, 'PFI10'
324504, 'PFI10'
317441, 'SFS30'
348145, 'PFI10'
348151, 'PFI10'
349267, 'SFS30'
347538, 'PFI10'
356435, 'PFI10'
365014, 'SFS30'
333252, 'PFI10'
315281, 'PFI10'
344780, 'PFI10'
336316, 'PFI10'
350093, 'PFI10'
360150, 'PFI10'
340280, 'PFI10'
328882, 'PFI10'
332602, 'PFI10'
336303, 'PFI10'
320561, 'SFS30'
343944, 'PFI10'
332603, 'PFI10'
316979, 'SFS30'
344781, 'PFI10'
322362, 'PFI10'
326892, 'SFS30'
315280, 'SFS30'
335150, 'PFI10'
365767, 'PFI10'
344971, 'PFI10'
355868, 'SFS30'
323726, 'SFS30'
316945, 'SFS30'
335811, 'PFI10'
302717, 'SFS30'
339959, 'PFI10'
347505, 'PFI10'
348636, 'PFI10'
317440, 'SFS30'
322612, 'PFI10'
332367, 'PFI10'
353955, 'PFI10'
362550, 'SFS30'
324505, 'PFI10'
326312, 'PFI10'
327018, 'SFS30'
332373, 'PFI10'
354948, 'SFS30'
322606, 'SFS30'
345845, 'PFI10'
337545, 'PFI10'
336883, 'PFI10'
327024, 'SFS30'
317859, 'SFS30'
335346, 'PFI10'
352336, 'PFI10'
329784, 'SFS30'
344232, 'PFI10'
336868, 'SFS30'
358169, 'PFI10'
329790, 'SFS30'
339583, 'PFI10'
333910, 'PFI10'
354753, 'SFS30'
341410, 'PFI10'
313430, 'SFS30'
363869, 'SFS30'
353000, 'PFI10'
356178, 'PFI10'
347075, 'SFS30'
326500, 'SFS30'
345925, 'PFI10'
336707, 'SFS30'
331068, 'PFI10'
348583, 'PFI10'
337357, 'PFI10'
335540, 'PFI10'
348597, 'SFS30'
337343, 'PFI10'
327150, 'PFI10'
338716, 'PFI10'
339408, 'SFS30'
333870, 'PFI10'
360596, 'PFI10'
359471, 'PFI10'
333864, 'PFI10'
364914, 'PFI10'
343415, 'PFI10'
337394, 'SFS30'
326299, 'PFI10'
313550, 'SFS30'
333858, 'PFI10'
330389, 'PFI10'
343830, 'PFI10'
333469, 'SFS30'
366326, 'SFS30'
316819, 'PFI10'
339636, 'SFS30'
336505, 'SFS30'
330174, 'PFI10'
342284, 'PFI10'
326058, 'SFS30'
330148, 'PFI10'
339187, 'PFI10'
344622, 'PFI10'
343159, 'PFI10'
352054, 'PFI10'
347459, 'PFI10'
321904, 'SFS30'
352732, 'PFI10'
344178, 'PFI10'
345500, 'PFI10'
331283, 'PFI10'
325590, 'SFS30'
347473, 'PFI10'
327393, 'PFI10'
325584, 'SFS30'
328936, 'SFS30'
321912, 'SFS30'
361477, 'PFI10'
316827, 'PFI10'
363512, 'SFS30'
358584, 'PFI10'
336513, 'PFI10'
332775, 'PFI10'
335768, 'PFI10'
332761, 'PFI10'
330176, 'PFI10'
335581, 'PFI10'
347117, 'SFS30'
313552, 'SFS30'
345714, 'PFI10'
337382, 'SFS30'
366683, 'SFS30'
361852, 'PFI10'
333872, 'PFI10'
333866, 'PFI10'
344436, 'PFI10'
361846, 'PFI10'
339393, 'PFI10'
320629, 'SFS30'
338714, 'PFI10'
330348, 'PFI10'
348595, 'PFI10'
367576, 'SFS30'
345927, 'PFI10'
326502, 'SFS30'
351952, 'PFI10'
330412, 'PFI10'
348436, 'PFI10'
355301, 'SFS30'
322837, 'PFI10'
341412, 'PFI10'
329962, 'SFS30'
347077, 'PFI10'
336856, 'SFS30'
342669, 'PFI10'
329786, 'SFS30'
333912, 'SWM30'
327032, 'SFS30'
336881, 'SFS30'
325157, 'PFI10'
321331, 'PFI10'
361073, 'SFS30'
326310, 'PFI10'
324507, 'PFI10'
345853, 'PFI10'
322610, 'SFS30'
334072, 'PFI10'
362234, 'SFS30'
334066, 'PFI10'
332371, 'PFI10'
360812, 'PFI10'
349516, 'PFI10'
363499, 'SFS30'
349264, 'PFI10'
315282, 'SFS30'
327230, 'SFS30'
368527, 'SFS30'
365003, 'SFS30'
368533, 'SFS30'
367600, 'PFI10'
331320, 'SFS30'
367166, 'PFI10'
360621, 'PFI10'
328881, 'PFI10'
343946, 'PFI10'
322360, 'PFI10'
343952, 'PFI10'
334264, 'SFS30'
343953, 'PFI10'
322361, 'PFI10'
357926, 'PFI10'
332600, 'PFI10'
344796, 'PFI10'
345488, 'PFI10'
327225, 'SFS30'
326891, 'SFS30'
367173, 'PFI10'
352645, 'PFI10'
339782, 'PFI10'
340533, 'SFS30'
324937, 'SFS30'
347512, 'PFI10'
348147, 'PFI10'
343012, 'PFI10'
325383, 'SFS30'
348635, 'PFI10'
322605, 'SFS30'
345846, 'PFI10'
339225, 'SFS30'
326305, 'SFS30'
332370, 'PFI10'
324512, 'SFS30'
324506, 'PFI10'
362553, 'SFS30'
366735, 'PFI10'
339231, 'PFI10'
326311, 'PFI10'
336664, 'PFI10'
334073, 'PFI10'
322611, 'SFS30'
345852, 'PFI10'
361072, 'PFI10'
354963, 'PFI10'
336880, 'SFS30'
359274, 'PFI10'
357259, 'PFI10'
339580, 'PFI10'
354750, 'SFS30'
352321, 'PFI10'
333907, 'PFI10'
352335, 'PFI10'
366090, 'SFS30'
346340, 'SFS30'
322822, 'PFI10'
313427, 'SFS30'
355300, 'PFI10'
310884, 'SFS30'
348437, 'PFI10'
341413, 'PFI10'
326488, 'SFS30'
315042, 'PFI10'
354778, 'SFS30'
364863, 'PFI10'
322836, 'SFS30'
334113, 'SFS30'
320600, 'SFS30'
320614, 'SFS30'
330349, 'PFI10'
338715, 'PFI10'
331057, 'PFI10'
366669, 'SFS30'
359499, 'PFI10'
348580, 'PFI10'
327147, 'PFI10'
361112, 'PFI10'
344437, 'PFI10'
333867, 'PFI10'
368863, 'PFI10'
366682, 'SFS30'
339386, 'PFI10'
333873, 'PFI10'
352269, 'PFI10'
358022, 'PFI10'
335769, 'PFI10'
326073, 'SFS30'
336512, 'PFI10'
366325, 'SFS30'
327379, 'PFI10'
368446, 'SFS30'
363513, 'SFS30'
316832, 'SFS30'
340335, 'PFI10'
353349, 'PFI10'
325585, 'SFS30'
328933, 'SFS30'
356235, 'SFS30'
365827, 'PFI10'
342526, 'PFI10'
347476, 'PFI10'
355714, 'PFI10'
326936, 'PFI10'
326088, 'PFI10'
331279, 'PFI10'
339625, 'PFI10'
332770, 'PFI10'
342283, 'PFI10'
348786, 'PFI11'
316822, 'SFS30'
316836, 'PFI10'
363517, 'SFS30'
333877, 'PFI10'
342724, 'PFI10'
333863, 'PFI10'
337393, 'SFS30'
327180, 'PFI10'
335584, 'PFI10'
343412, 'PFI10'
342718, 'SFS30'
334856, 'PFI10'
343406, 'PFI10'
337387, 'SFS30'
358026, 'PFI10'
329152, 'PFI10'
336072, 'SFS30'
366651, 'PFI10'
358967, 'PFI10'
320604, 'SFS30'
329146, 'PFI10'
340696, 'PFI11'
322775, 'SFS30'
368132, 'PFI10'
338705, 'PFI10'
335547, 'PFI10'
363701, 'SFS30'
338063, 'SFS30'
366679, 'SFS30'
361116, 'PFI10'
363715, 'PFI10'
329783, 'SFS30'
339590, 'SFS30'
333903, 'PFI10'
355338, 'SFS30'
316215, 'PFI10'
354754, 'SFS30'
339584, 'PFI10'
322832, 'SFS30'
341417, 'PFI10'
341371, 'PFI10'
348433, 'PFI10'
334936, 'SWM30'
333081, 'PFI10'
334077, 'PFI10'
324502, 'SFS30'
332374, 'PFI10'
339221, 'SFS30'
351837, 'PFI10'
348396, 'PFI10'
367407, 'SFS30'
349922, 'PFI10'
335341, 'PFI10'
325152, 'PFI10'
352655, 'SFS30'
346146, 'SFS30'
346152, 'PFI10'
364495, 'PFI10'
340245, 'SFS30'
346634, 'PFI10'
347502, 'PFI10'
320599, 'SFS30'
360803, 'SFS30'
349249, 'PFI10'
344779, 'PFI10'
358436, 'PFI10'
353588, 'PFI10'
328884, 'PFI10'
360624, 'PFI10'
345498, 'SFS30'
362027, 'PFI10'
339023, 'PFI10'
365006, 'SFS30'
344976, 'SFS30'
315287, 'PFI10'
335157, 'PFI10'
367177, 'PFI10'
326881, 'PFI10'
327221, 'SFS30'
331442, 'PFI10'
365013, 'SFS30'
322358, 'PFI10'
316957, 'SFS30'
360619, 'SFS30'
335156, 'PFI10'
344977, 'PFI10'
328891, 'PFI10'
333269, 'PFI10'
322364, 'PFI10'
339036, 'PFI10'
343942, 'PFI10'
332605, 'PFI10'
357089, 'SFS30'
319480, 'SFS30'
348142, 'PFI10'
336488, 'SFS30'
353204, 'PFI10'
325392, 'PFI10'
343017, 'PFI10'
348630, 'PFI10'
315245, 'PFI10'
353210, 'PFI10'
348156, 'PFI10'
346153, 'SFS30'
340244, 'SFS30'
352640, 'PFI10'
340250, 'SFS30'
346147, 'PFI10'
315279, 'SFS30'
335426, 'PFI10'
361077, 'PFI10'
338664, 'PFI10'
325153, 'PFI10'
327036, 'SFS30'
332375, 'PFI10'
336675, 'PFI10'
324503, 'SFS30'
354769, 'PFI10'
341416, 'PFI10'
353012, 'PFI10'
339591, 'PFI10'
340734, 'SFS30'
355339, 'SFS30'
348591, 'SFS30'
335220, 'PFI10'
340867, 'SFS30'
338704, 'PFI10'
366678, 'SFS30'
338062, 'SFS30'
366650, 'PFI10'
322774, 'SFS30'
350484, 'PFI10'
330364, 'PFI10'
336715, 'PFI10'
337386, 'SFS30'
358999, 'PFI10'
343407, 'PFI10'
334857, 'PFI10'
343413, 'PFI10'
335585, 'PFI10'
355271, 'PFI10'
337392, 'SFS30'
333876, 'PFI10'
347891, 'PFI10'
316360, 'PFI10'
329190, 'PFI10'
337147, 'SWM30'
316823, 'SFS30'
366334, 'PFI10'
326076, 'SFS30'
322589, 'PFI10'
326089, 'PFI10'
347477, 'PFI10'
327383, 'PFI10'
342269, 'PFI10'
340330, 'SFS30'
339195, 'PFI10'
352734, 'PFI10'
314775, 'SWM30'
348778, 'PFI11'
337812, 'PFI10'
357128, 'PFI10'
352050, 'PFI10'
337810, 'PFI10'
310511, 'SFS30'
344140, 'PFI10'
336298, 'SFS30'
344168, 'PFI10'
332798, 'SFS30'
304558, 'PFI10'
321928, 'SFS30'
326074, 'SFS30'
342280, 'PFI10'
344829, 'PFI10'
336515, 'PFI10'
353399, 'PFI10'
334302, 'SFS30'
368469, 'SFS30'
363514, 'SFS30'
316835, 'SFS30'
344801, 'SWM30'
333451, 'PFI10'
330158, 'PFI10'
359688, 'PFI10'
334458, 'PFI10'
344430, 'PFI10'
333860, 'PFI10'
341548, 'SFS30'
343439, 'PFI10'
348578, 'PFI10'
347893, 'PFI10'
361854, 'PFI10'
333874, 'PFI10'
347105, 'PFI10'
337384, 'SFS30'
337390, 'SFS30'
313226, 'SFS30'
353602, 'PFI10'
343411, 'PFI10'
334841, 'PFI10'
330399, 'PFI10'
345935, 'SFS30'
364723, 'SFS30'
349869, 'PFI10'
356949, 'PFI11'
358970, 'PFI10'
330366, 'PFI10'
327154, 'PFI10'
348593, 'SFS30'
363702, 'SFS30'
361115, 'PFI10'
368131, 'PFI11'
365415, 'SFS30'
345128, 'PFI10'
346347, 'SFS30'
336878, 'SFS30'
315079, 'SFS30'
354743, 'PFI10'
353004, 'PFI10'
335381, 'PFI10'
325838, 'SFS30'
345114, 'PFI10'
322831, 'SFS30'
341414, 'PFI10'
337569, 'SFS30'
329757, 'PFI10'
317861, 'SFS30'
339236, 'PFI10'
366732, 'PFI10'
324501, 'SFS30'
362554, 'SFS30'
354780, 'SFS30'
334074, 'PFI10'
335342, 'PFI10'
337555, 'PFI10'
367362, 'SWM30'
348381, 'PFI10'
367410, 'SFS30'
338672, 'PFI10'
340246, 'SFS30'
346637, 'PFI10'
349262, 'PFI10'
339949, 'PFI10'
340534, 'SFS30'
350069, 'PFI10'
343015, 'PFI10'
339961, 'PFI10'
360800, 'PFI10'
348632, 'PFI10'
347501, 'PFI10'
334262, 'SFS30'
328887, 'PFI10'
362030, 'PFI10'
343940, 'PFI10'
365039, 'SFS30'
336307, 'PFI10'
365011, 'SFS30'
331440, 'PFI10'
360169, 'SFS30'
344961, 'PFI10'
344975, 'SFS30'
316955, 'PFI10'
365005, 'SFS30'
338471, 'PFI10'
315285, 'PFI10'
344974, 'SFS30'
368534, 'SFS30'
335141, 'PFI10'
344960, 'PFI10'
326883, 'SFS30'
344790, 'PFI10'
332606, 'PFI10'
316968, 'SFS30'
328886, 'PFI10'
336306, 'PFI10'
340284, 'PFI10'
348155, 'SFS30'
360801, 'SFS30'
347514, 'SFS30'
348141, 'PFI10'
339960, 'PFI10'
353207, 'PFI10'
343014, 'PFI10'
325391, 'PFI10'
352657, 'PFI10'
346636, 'SFS30'
358408, 'PFI10'
340247, 'SFS30'
339784, 'PFI10'
314399, 'PFI10'
315087, 'SFS30'
339579, 'PFI10'
362555, 'SFS30'
339237, 'PFI10'
334075, 'PFI10'
317860, 'SFS30'
332376, 'PFI10'
341415, 'PFI10'
335380, 'PFI10'
336689, 'PFI10'
348425, 'PFI10'
355312, 'PFI10'
352333, 'PFI10'
336879, 'PFI10'
354756, 'PFI10'
327141, 'PFI10'
338061, 'SFS30'
335223, 'PFI10'
338707, 'PFI10'
315859, 'SFS30'
361100, 'SFS30'
330401, 'PFI10'
329144, 'PFI10'
343410, 'PFI10'
337391, 'SFS30'
333849, 'PFI10'
347104, 'PFI10'
329805, 'SFS30'
320821, 'SFS30'
347892, 'PFI10'
356747, 'PFI10'
366684, 'SFS30'
348579, 'PFI10'
333875, 'PFI10'
342726, 'PFI10'
333450, 'PFI10'
363501, 'SFS30'
334459, 'PFI10'
363515, 'SFS30'
334303, 'SFS30'
368468, 'SFS30'
325568, 'SFS30'
326075, 'SFS30'
344828, 'PFI10'
342281, 'PFI10'
333478, 'SFS30'
332766, 'PFI10'
331284, 'PFI10'
342518, 'PFI10'
344169, 'PFI10'
347460, 'PFI10'
341011, 'PFI10'
332799, 'SFS30'
314776, 'SWM30'
348009, 'PFI10'
